{
  "project_info": {
    "project_number": "897381488882",
    "project_id": "myapplication-be417",
    "storage_bucket": "myapplication-be417.firebasestorage.app"
  },
  "client": [
    {
      "client_info": {
        "mobilesdk_app_id": "1:897381488882:android:ebff26da73ab6a5ff6186b",
        "android_client_info": {
          "package_name": "com.example.myapplication"
        }
      },
      "oauth_client": [],
      "api_key": [
        {
          "current_key": "AIzaSyD8Dsqug2AtqJpIs04xAckiL8m0WYYLNLM"
        }
      ],
      "services": {
        "appinvite_service": {
          "other_platform_oauth_client": []
        }
      }
    }
  ],
  "configuration_version": "1"
}